Player_id,Team_id,Name,Role,Kills_avg,Assists_avg,Deaths_avg,CS/min,Gold/min,Damage/min,Vision/min
1,39,1116,Mid,4.388888888888889,7.166666666666667,2.5,8.772140498348808,429.1558090663446,669.2692885019485,1.2951065746022161
2,44,1Jiang,Top,4.9411764705882355,4.294117647058823,1.9411764705882353,8.863887185775608,434.3966891477626,639.446965052116,1.0686695278969969
3,96,1xn,Bot,3.0,4.615384615384615,2.3846153846153846,7.749650349650345,400.97832167832144,585.2979020979017,2.1377622377622365
4,10,2T,Top,3.4193548387096775,4.709677419354839,3.5806451612903225,8.284084636614548,414.1026678932849,607.1481140754379,1.1724011039558435
5,80,369,Top,2.888888888888889,5.111111111111111,1.7777777777777777,8.619541805365218,408.50205600156806,619.7846093597047,1.1004503622478994
6,31,5kid,Bot,2.823529411764706,4.529411764705882,3.6470588235294117,8.716537726993192,400.80341825009,552.4047518855417,1.4566406629333541
7,41,665,Jungle,2.5294117647058822,7.0588235294117645,4.588235294117647,5.442485808186429,325.6044218703313,339.88288019121563,1.452046608903494
8,85,Able,Bot,3.0,2.75,3.375,9.694498295340585,423.9507988501899,557.8407647570017,1.5321879804799765
9,31,Acce,Top,2.176470588235294,3.0,2.8823529411764706,7.6619298870294426,361.01576408895306,453.74162431618925,0.9050593985692574
10,54,Acee,Mid,3.0,5.95,2.55,8.43744831008438,397.5012405579764,595.4413629596971,1.1528918784804572
11,37,Ackerman,Support,1.7894736842105263,12.31578947368421,1.1578947368421053,1.3931641605861012,300.8649670615351,345.853889102243,3.47582050751825
12,11,Adam,Top,3.5,5.4375,1.6875,8.203907567192305,410.51869483288704,402.0807299414857,1.1087969850242985
13,60,Aegis,Jungle,2.4,7.4,4.0,5.858272033627272,337.712797551058,310.9736373189567,1.1842646319733185
14,92,Ahn,Bot,4.818181818181818,6.818181818181818,2.272727272727273,7.748921807612962,435.9647477967365,713.8627414213375,2.281080067504215
15,64,Aiming,Bot,3.6666666666666665,3.2222222222222223,1.5555555555555556,9.814468085106368,448.54468085106316,603.028085106382,1.9540425531914862
16,71,Aithusa,Mid,2.7,3.6,3.1,7.5951241178502835,361.4213097764405,639.6930365691173,1.2051522479395966
17,89,Aki,Jungle,1.7857142857142858,8.857142857142858,1.7857142857142858,5.286925157799801,325.3936880072126,305.1743913435517,1.3439134355274975
18,82,Ale,Top,2.75,2.875,2.5,8.464163822525597,392.59184902629994,434.0052198353744,0.9716924312387071
19,3,Alex,Jungle,1.8333333333333333,17.0,2.0,5.7598978288633464,369.66794380587487,415.07662835249045,1.5070242656449553
20,15,Alvaro,Support,0.8620689655172413,10.172413793103448,3.413793103448276,1.254807950337227,266.6472261480937,188.2770094996153,3.5658443208043353
21,98,Andil,Support,0.6666666666666666,9.266666666666667,2.6666666666666665,2.471143756558231,277.60624344176216,212.42392444910755,2.77413431269674
22,85,Angel,Mid,2.230769230769231,3.923076923076923,1.9230769230769231,8.887642699779722,397.15361506108684,521.0783096334886,1.2737832966152656
23,59,APA,Mid,2.7777777777777777,4.333333333333333,2.6666666666666665,9.05791505791508,433.1880860452299,684.2614451185896,1.611693325979044
24,1,Arashi,Jungle,1.3333333333333333,7.444444444444445,3.4444444444444446,5.458864176203844,327.35046426257827,336.20816238393434,1.4122219822932411
25,52,Arding,Support,0.875,6.6875,4.75,1.6101093284111863,245.94419991480868,181.6569643617774,3.2095697856027217
26,47,Aress,Mid,4.642857142857143,6.357142857142857,2.0,8.452655889145472,434.09497690531055,617.4400981524232,1.279590069284061
27,50,Aria,Mid,5.85,7.85,1.45,9.573721163490454,479.79772651287107,860.6168505516534,1.3039117352056144
28,76,Armao,Jungle,1.5555555555555556,6.222222222222222,2.0,5.426098177321367,304.8131619979572,231.2608204742193,1.0226356255712683
29,68,Artemis,Bot,5.615384615384615,5.769230769230769,1.4615384615384615,9.796752856283824,484.11545399879736,699.8412507516537,1.1978352375225496
30,10,Artifact,Mid,4.071428571428571,4.892857142857143,2.142857142857143,8.869862341181792,420.76232743554027,642.4546864874424,1.2619052294640938
31,94,Assum,Bot,2.6363636363636362,4.090909090909091,2.8181818181818183,8.776972132436416,407.77408928103296,630.0445531580306,1.381147899012837
32,78,Astaa,Support,0.7,8.0,3.1,1.2949397047221938,247.5498703933286,240.02366730530875,3.2153724783049773
33,1,Atlen,Bot,5.0,3.888888888888889,3.3333333333333335,8.94407255452386,442.7898941913193,695.6208162383934,1.1315050744979485
34,73,Ayu,Bot,3.8,4.6,1.8,8.557541390309385,399.9686091843467,436.6867500379745,1.0875398713989208
35,49,Azhi,Top,2.625,6.3125,2.0625,7.728946553326226,398.0108063461475,559.0219224283309,1.16254258870496
36,33,Bdd,Mid,3.35,7.35,2.25,8.905486780554643,413.07936836120325,570.8831054712751,1.283953169824002
37,8,Be,Top,3.6363636363636362,4.090909090909091,3.3636363636363638,7.155085331490252,376.3708862778461,547.8217874421825,0.9123292041044191
38,68,BeanJ,Jungle,3.0,9.384615384615385,3.076923076923077,5.455201443174985,347.76187612748043,314.72760072158746,1.6115453998797353
39,96,Beichuan,Jungle,1.6153846153846154,6.461538461538462,3.6923076923076925,5.444055944055941,312.3251748251746,353.08111888111864,1.3972027972027963
40,24,Benvi,Support,1.5714285714285714,12.285714285714286,3.5714285714285716,1.2482629928137485,286.50017866359525,250.67693651486786,3.154008020010311
41,61,Berserker,Bot,3.0,5.111111111111111,1.6666666666666667,9.130810437186797,425.46397096941416,655.2928978745464,1.1059270779332986
42,33,BeryL,Support,1.75,9.85,2.5,2.9602253637608937,303.6983433696024,263.7593363140626,3.1571602098570875
43,49,Betty,Bot,5.5625,4.125,1.75,9.07113604295007,446.9552947654613,675.1378325360503,1.6354062704339756
44,68,Bie,Support,0.8461538461538461,9.76923076923077,1.5384615384615385,1.344558027660854,268.6494287432351,216.65423932651834,3.5381840048105833
45,79,Bin,Top,0.9230769230769231,4.846153846153846,1.6153846153846154,8.681744345870277,397.168561789328,381.2720229913773,1.1170810945895262
46,54,Bini,Bot,4.05,5.55,2.65,8.432486078182741,422.79042840602193,680.446049512049,1.2736395214203042
47,20,BioPanther,Top,3.5,7.285714285714286,0.9285714285714286,7.863995142683668,405.62720097146325,519.9781420765028,1.1851851851851851
48,61,Blaber,Jungle,3.111111111111111,6.555555555555555,2.4444444444444446,6.445481251080007,355.98064627613616,368.7437359599101,1.3754968031795403
49,69,Blazes,Mid,6.166666666666667,7.166666666666667,2.4166666666666665,9.17848410757944,466.62102689486437,704.0440097799493,1.1833740831295814
50,13,Bo,Jungle,2.6666666666666665,4.555555555555555,4.777777777777778,6.56218627997772,344.4696040156178,421.48577802565717,1.3418851087562804
51,60,Brance,Bot,5.2,4.4,2.2,8.498195275734462,433.4682688353821,683.529035500526,1.7078631150911514
52,81,Breathe,Top,3.3333333333333335,4.75,2.6666666666666665,8.240424278137873,396.03535651149,523.4790807307002,1.1761932822628143
53,17,BrokenBlade,Top,3.0,6.142857142857143,1.5714285714285714,8.4851426965431,416.22575947264926,561.0756534403032,1.1221543728761607
54,26,Buggax,Top,1.9047619047619047,2.1904761904761907,3.238095238095238,8.483720930232563,382.9674418604653,497.50061199510435,0.9179926560587521
55,100,Bugi,Jungle,3.3333333333333335,5.111111111111111,2.888888888888889,6.020592823712932,346.56224648985864,407.3971918876744,1.475195007800308
56,98,Bull,Bot,4.214285714285714,6.357142857142857,1.7142857142857142,7.1765746156985255,403.02883961365694,530.8318596109359,1.9140253026799023
57,98,BuLLDoG,Mid,3.388888888888889,5.166666666666667,1.8888888888888888,9.17089955759461,425.456332951007,705.4465017204642,1.5090938882516771
58,9,Bun,Support,0.52,9.92,3.2,1.0790253964161387,240.57367538997002,160.87276008766253,3.2319195565295815
59,90,Burdol,Top,2.125,4.3125,3.1875,8.15860702625781,374.0050785501033,509.01805396657284,1.1769958422859101
60,62,Busio,Support,1.2222222222222223,9.11111111111111,2.2222222222222223,1.7863268806665011,278.79563832393984,308.49424160744877,3.7601078167115856
61,100,Bvoy,Bot,4.285714285714286,6.285714285714286,2.142857142857143,8.962287404486029,427.2812422972618,723.0712349026338,1.6958343603647932
62,62,Bwipo,Top,2.4444444444444446,4.555555555555555,1.8888888888888888,8.55672629257534,404.58098505268265,546.8512619456009,0.9924038225925006
63,13,Cabochard,Top,2.2222222222222223,3.3333333333333335,2.888888888888889,7.258226436140578,348.2442833240395,463.23145566090557,0.9269380925822684
64,42,Callme,Mid,2.0588235294117645,3.9411764705882355,3.411764705882353,8.974269043139984,401.25561967923886,622.9474221216068,1.3869846634569363
65,29,Canyon,Jungle,1.3888888888888888,8.833333333333334,1.4444444444444444,5.504438579654494,333.32713531669765,298.86996161228313,1.62308061420345
66,17,Caps,Mid,4.380952380952381,6.190476190476191,2.142857142857143,9.176524694039204,446.1452770893487,610.948670124429,1.0684994506757977
67,88,Care,Mid,2.1875,3.8125,2.6875,9.20889011026764,419.255951358595,529.8471368211355,1.5251966610559655
68,74,CarioK,Jungle,2.0,11.3,1.9,5.408907708790373,334.2349880108161,336.9960716289989,1.5948165909902572
69,14,Carzzy,Bot,3.8,4.933333333333334,3.466666666666667,9.14213336984802,427.16007120361553,651.525400520335,1.5527865260851725
70,53,Cassin,Jungle,1.75,6.2,2.7,5.716007967292163,321.44564419750463,241.53632456232285,1.295733305377921
71,76,Castle,Top,2.0,5.444444444444445,3.0,7.871390934996514,353.7286950911343,438.4848647776767,1.151674821226949
72,58,Cavalo,Support,1.0,7.4,3.6,1.8358619285205153,258.8168210976476,189.0601771713673,3.3815293758273053
73,70,Celo,Bot,3.4,4.9,1.9,8.274041133963314,393.4769316286827,452.29294052251254,1.3952195664257923
74,25,Ceo,Bot,4.052631578947368,5.052631578947368,1.2105263157894737,9.314931728086924,446.60578475994737,648.6342680957279,1.4077228013507568
75,72,Ceos,Support,1.0,11.2,2.2,1.2945386650069977,264.2414812509717,195.75851874902693,3.749805508013058
76,40,Cha9,Support,0.75,6.25,4.4375,1.5785637430148187,250.45850543195274,261.15858526257296,2.903057859845194
77,43,Charley,Support,0.6,5.4,4.35,1.0871571176914703,233.55590973911617,172.72208707323236,3.2329502558510237
78,40,Cheng9,Bot,2.875,4.0,3.4375,8.009440838568592,380.2089479712605,475.0664676685982,1.0329388080941293
79,21,Chenxuan,Support,0.25,7.0,4.5,0.6680317379063238,221.26439723573134,174.26414128487377,2.6567699001791727
80,46,ChiCh1,Bot,4.642857142857143,5.928571428571429,2.2142857142857144,8.457847237508263,423.0217917675549,614.7312348668287,1.0988333700198119
81,83,Chirp,Mid,3.6666666666666665,4.916666666666667,3.3333333333333335,8.5135855087906,428.2179009056994,761.8300479488526,0.7831646244006373
82,6,Chopper,Jungle,1.5,5.5,4.5,4.611475756934162,307.8699978827023,270.93372856235504,1.1115816218505212
83,29,Chovy,Mid,4.166666666666667,5.166666666666667,1.6666666666666667,9.911228406909759,473.0146353166972,706.3891554702474,1.687859884836847
84,34,Clear,Top,2.263157894736842,3.5789473684210527,2.473684210526316,8.322586048069692,380.17753956955096,445.9626496943313,0.988191943723308
85,34,Clozer,Mid,2.263157894736842,4.105263157894737,2.473684210526316,9.793149652457936,417.62331463026624,573.1731010803126,1.2394271836529627
86,37,cody,Mid,3.736842105263158,6.894736842105263,1.0,9.342707748663281,458.6789164278762,741.2767717349578,1.129065611060237
87,12,Comp,Bot,2.6666666666666665,3.2222222222222223,1.8888888888888888,9.171888230313325,406.17781541067035,481.9136325148196,1.29720575783235
88,77,Contractz,Jungle,2.4444444444444446,6.555555555555555,2.7777777777777777,6.407434859456062,344.52021209875096,345.61833627914893,1.5360054735161621
89,59,CoreJJ,Support,0.5555555555555556,6.666666666666667,1.4444444444444444,1.3899613899613932,252.46662989520192,200.66409266409315,4.047435190292343
90,35,Cotopaco,Mid,2.2857142857142856,4.619047619047619,3.0,8.29343629343631,383.3095030514393,660.7144102627987,0.9774567193922052
91,80,Creme,Mid,4.555555555555555,4.222222222222222,1.5555555555555556,9.680830233013548,469.5946739768963,668.6117094184478,1.0926179753279854
92,93,Crisp,Support,0.8181818181818182,9.0,3.0,1.6093737241773585,259.069976320733,187.6328896872714,3.1967012329550273
93,55,Croc,Jungle,1.8,7.3,3.6,5.314312105506224,318.08898239852147,298.7684097090362,1.3947760045158282
94,87,Croco,Jungle,1.8666666666666667,8.066666666666666,2.3333333333333335,5.677168576104758,321.9946808510645,273.64157119476323,1.6387070376432114
95,92,Cryin,Mid,3.0,6.571428571428571,2.7857142857142856,8.657301293900174,402.4524953789274,625.6591497227348,1.115711645101662
96,41,Cryscata,Mid,3.8823529411764706,5.705882352941177,2.7058823529411766,8.5150881386316,417.4759486106957,792.9429339707192,1.2046608903495655
97,85,Cube,Top,1.0769230769230769,3.923076923076923,2.4615384615384617,8.128179451231752,365.15762066893774,462.0564790707005,1.1295814139795752
98,98,Cuzz,Jungle,1.7777777777777777,6.666666666666667,2.888888888888889,6.152711781091257,336.3821071604124,287.83712928068115,1.9236441094543637
99,14,Daglas,Jungle,1.6666666666666667,8.133333333333333,3.466666666666667,5.481993701218685,321.75338901821215,293.8566342598936,1.5835957825551166
100,25,Daiky,Jungle,7.0,4.5,2.5,6.459820043437752,417.5054297238572,499.8448650325753,2.0477815699658577
101,78,DaJeung,Mid,3.375,4.875,3.75,7.940806924473008,385.694541393272,633.3086695518655,0.8878961329052097
102,71,Damage,Support,0.6,6.4,2.9,0.9919557814736237,228.93155011597537,171.2441395647242,3.497014262448805
103,48,DasheR,Mid,4.95,6.35,1.8,9.30264279624895,465.5618073316291,823.6214833759606,1.144075021312875
104,32,DDoiV,Jungle,1.0,2.0,4.0,5.133779264214047,289.866220735786,228.72909698996656,1.722408026755853
105,91,Decade,Top,1.625,3.0625,2.375,8.530166270783832,374.50831353919165,451.20380047505853,1.170546318289784
106,33,Deft,Bot,4.5,6.65,1.85,7.830873801462815,433.4861602873915,656.4520714341111,1.8716563719535877
107,38,Delight,Support,0.6470588235294118,9.235294117647058,1.1176470588235294,2.2094990240728705,279.497722836695,169.00910865322066,3.025374105400132
108,27,Demy,Bot,6.5,7.5,2.5,6.940410615923851,452.4787180771134,634.1011517275882,1.216825237856779
109,88,deokdam,Bot,2.375,4.5625,2.0,8.516368383085473,403.35474562880205,553.8257016248181,1.3108446978805326
110,73,Destroy,Top,2.1,3.4,3.0,8.107943901574636,379.8035542504192,554.1137157612295,1.3275277201154425
111,77,Dhokla,Top,1.6666666666666667,3.7777777777777777,3.3333333333333335,7.847653800102619,362.1278294087458,419.54843491647136,1.036547123553223
112,56,Disamis,Jungle,1.2,9.4,2.1,5.811217510259906,334.28618331053286,258.0049247606014,1.4150478796169603
113,42,DnDn,Top,1.5,2.2777777777777777,2.5555555555555554,8.902996143577548,391.50044497181733,426.70661524769974,1.1551468407000856
114,91,Doggo,Bot,2.625,4.0,2.0625,8.912114014251765,409.3605700712581,602.1396674584312,2.082660332541564
115,3,Doggy,Bot,9.333333333333334,8.166666666666666,2.0,8.148148148148149,516.3984674329502,808.639846743295,1.7879948914431674
116,19,doraemon,Top,4.071428571428571,4.642857142857143,2.642857142857143,8.017642150435131,401.7689831922775,581.0561449517253,0.9107164143521321
117,38,Doran,Top,2.6470588235294117,4.470588235294118,2.0588235294117645,8.459336369551078,396.68900455432686,550.9264801561486,1.1789199739752771
118,23,Doss,Support,0.9411764705882353,9.470588235294118,2.411764705882353,1.1182579774716832,256.9696589375923,161.2720027611309,3.6070408835618606
119,63,Dove,Mid,3.2222222222222223,5.111111111111111,2.2222222222222223,8.600779312787814,405.56854410201913,645.0230251505491,1.0768685795253277
120,86,Dragku,Support,2.1,12.4,2.4,2.0024798512089212,287.71233725976356,258.9026658400488,3.0967141971481618
121,58,Drakehero,Jungle,1.6,7.7,3.7,5.7153039405355806,326.98503207412654,275.08604011811394,1.5365034110579354
122,65,Draktharr,Jungle,3.0714285714285716,8.928571428571429,3.2857142857142856,6.282578875171441,355.13770180436694,363.16555872111275,1.6017727128838173
123,39,Driver,Top,3.111111111111111,5.777777777777778,3.0,7.830081056739685,386.9252476733697,616.7048934253952,1.1401981386970832
124,8,dttt,Mid,3.5833333333333335,4.083333333333333,4.083333333333333,7.935978004713291,398.7166142969371,666.4247839748638,0.9809505106048723
125,78,Duck1,Bot,3.4166666666666665,3.25,3.6666666666666665,8.432556801840692,397.3597929249364,505.9677883232686,0.8628127696289929
126,98,DuDu,Top,2.7777777777777777,4.666666666666667,1.6666666666666667,9.334753399967214,422.0072095690637,528.6645911846624,0.9978699000491545
127,74,dyNquedo,Mid,4.4,8.6,1.2,8.616907300647934,431.9106168052655,696.9287281261168,1.3285036477730743
128,10,EasyLove,Bot,2.1666666666666665,4.333333333333333,4.0,7.41154887743511,360.5084301563716,458.1217786319544,1.2632130689263519
129,5,echduquai,Mid,2.7142857142857144,4.142857142857143,3.142857142857143,7.862364057764293,374.3287573542514,447.1438759137093,1.005526831877338
130,47,Eddie,Bot,4.428571428571429,5.428571428571429,2.5714285714285716,10.202078521939924,468.88640300230816,719.4695438799056,1.318562355658195
131,32,Effort,Support,0.2727272727272727,3.8181818181818183,3.272727272727273,1.523510075746753,242.82120908961053,149.501214806346,4.296126911533527
132,78,eHopp,Mid,0.75,3.0,3.75,7.454100367197086,330.045899632804,406.92778457772465,0.5416156670746651
133,43,EL,Jungle,1.65,4.8,3.35,5.7243519838939765,319.7080781813611,298.1612280848926,1.3992114755473555
134,69,Elio,Support,0.5833333333333334,15.75,2.5833333333333335,1.625916870415644,276.8875305623465,229.10268948655198,3.378973105134466
135,79,Elk,Bot,3.6923076923076925,5.6923076923076925,2.0,7.722104210920885,434.36711233287406,734.8794202174166,1.9467699612645208
136,45,Ellim,Jungle,2.75,6.85,3.65,5.538956561709952,341.418830920095,306.94859419290583,1.565923542480656
137,15,Elyoya,Jungle,2.5517241379310347,9.068965517241379,3.0344827586206895,5.502263091042451,341.5278100792528,323.33255809793,1.6627010394117747
138,7,Emo,Mid,4.0,12.0,0.0,8.096723868954632,440.82683307331604,785.0546021840751,0.9828393135725275
139,2,EnHoa,Support,0.6666666666666666,4.5,5.5,1.5080213903743345,225.43315508021433,186.10909090909126,2.9967914438502734
140,46,Enso,Support,1.0,4.5,3.0,0.734117647058827,235.4400000000011,130.39058823529473,3.840000000000018
141,70,Envy,Mid,3.4,4.3,2.1,9.305169538632574,420.4974986103391,561.6064480266815,1.3340744858254587
142,32,Envyy,Bot,0.8181818181818182,2.4545454545454546,2.8181818181818183,9.161069029584134,371.7936258396466,487.4717736172659,1.4034586251250576
143,53,Eugeo,Mid,3.6,4.3,2.8,8.717894957542711,406.72030611175137,651.8356221826181,1.1683614634657709
144,48,Evi,Top,3.35,5.85,2.0,7.945439045183305,401.9607843137262,604.0971867007684,1.043478260869567
145,23,Exakick,Bot,3.823529411764706,5.294117647058823,2.6470588235294117,8.957359354899443,439.400081578865,592.0197044334979,1.6114963446393282
146,34,Execute,Support,0.47368421052631576,6.2105263157894735,3.1578947368421053,1.3851436228121623,245.3261870865091,157.06724729922146,3.349803199062061
147,63,eXyu,Jungle,2.3333333333333335,7.222222222222222,2.888888888888889,5.7137796670209,333.84342897626635,323.60609280906834,1.4311016648955013
148,75,Eyla,Support,1.0,12.0,3.5555555555555554,2.1986970684039155,274.4364820846914,257.53745928338844,3.1954397394136906
149,10,Ezlove,Bot,4.277777777777778,7.222222222222222,3.4444444444444446,6.104709251981645,384.5866915340057,494.4914407513512,1.5326716845400725
150,100,FakeGod,Top,1.5555555555555556,3.7777777777777777,3.111111111111111,7.675507020280791,356.15101404056065,445.9619344773779,1.0221528861154419
151,30,Faker,Mid,3.611111111111111,7.222222222222222,1.8333333333333333,9.027855673957767,441.8769863525901,604.6756403066006,1.1871377827631355
152,77,FBI,Bot,3.0,6.333333333333333,1.8888888888888888,6.746108672102165,385.91709903643266,672.6335594959796,1.7446832772678011
153,1,Felia,Support,0.7777777777777778,8.222222222222221,4.111111111111111,1.2869790541999568,242.55668322176635,170.5160872381775,2.729432088101922
154,39,Feng,Bot,3.9444444444444446,7.055555555555555,2.1666666666666665,8.112879015310684,421.00150105073374,631.9363554488115,1.7616331432002328
155,42,FIESTA,Mid,4.0,4.0,4.0,9.331060928845254,442.29228802726504,777.3924158500147,1.559437579889207
156,83,Findo,Support,1.1,8.9,4.8,2.30757039463257,276.7689788155734,203.57969253526295,2.640393047704575
157,82,Fisher,Mid,2.7857142857142856,3.2857142857142856,3.0,8.657359275211638,388.5385415119557,612.8122679340556,1.0515372048121185
158,22,Flakked,Bot,3.642857142857143,5.357142857142857,2.0714285714285716,9.036000435050589,417.3048616901721,489.21872167639566,1.6575426893376382
159,99,Flandre,Top,2.8,4.5,1.1,8.634707574304882,411.0546500479382,454.43240651965436,1.0153403643336518
160,60,fNb,Top,2.2,5.6,2.5,7.5825832686069425,379.87481153195995,483.1114360122451,1.1705578653995532
161,97,FoFo,Mid,1.9333333333333333,5.266666666666667,1.6666666666666667,9.147500079971879,415.13643197594575,783.0824349828885,1.280189373340588
162,19,foreigner,Jungle,2.5714285714285716,8.5,2.357142857142857,6.444153057575427,361.2134938610102,352.8668494457044,1.2874001668852129
163,48,Forest,Jungle,2.35,9.65,2.55,5.846547314578015,352.69394714407565,335.4509803921575,1.5942028985507275
164,15,Fresskowy,Mid,3.7241379310344827,5.344827586206897,2.2758620689655173,8.766481206504817,416.0466572445747,561.1964863946184,1.1335134264808482
165,51,Froggy,Mid,3.5454545454545454,5.909090909090909,2.8181818181818183,8.364586053799956,410.61687124575644,710.6137372682169,1.5137111517367474
166,60,Frosty,Support,2.0,8.0,3.0,3.2553407934893186,328.8708036622584,684.8016276703968,4.964394710071211
167,60,frosty,Support,1.0,10.0,3.0,0.9037472446730279,234.07053637031422,197.65613519470833,3.2623071271123933
168,61,Fudge,Top,1.7777777777777777,4.555555555555555,1.5555555555555556,8.418869880767236,384.8764472092621,447.3855192673233,1.0748228788664247
169,57,Fuuu,Mid,4.1,4.0,2.0,8.64668581648693,421.11538669990875,546.7118313370561,1.0763644246924309
170,45,Gaeng,Support,1.05,8.75,3.7,2.066957787481805,269.2484486324983,228.99563318777294,3.0138665440894816
171,95,GALA,Bot,3.375,4.75,1.5625,8.563230415159783,415.39289236931114,640.7215231491188,1.327076546014291
172,35,Ganks,Jungle,1.619047619047619,6.0476190476190474,2.857142857142857,5.305766596089187,309.7222568190316,284.5086561215599,1.4557230041101037
173,36,Gastruks,Support,0.3333333333333333,8.38888888888889,3.4444444444444446,1.351653069987119,249.7810218978102,142.49720910261914,3.462430227565479
174,27,Gavotto,Bot,3.2,6.2,2.466666666666667,8.18816843600773,428.17396108765115,576.9272662693867,1.371009116381861
175,44,Gemini,Jungle,1.8235294117647058,9.941176470588236,1.411764705882353,5.170447578172906,325.3372164316374,310.0042918454939,1.7529123237277764
176,32,GIDEON,Jungle,1.1333333333333333,4.0,3.1333333333333333,5.61447420173777,298.6376801230025,246.44902921300135,1.424536060356851
177,68,Gloryy,Mid,3.923076923076923,5.461538461538462,2.6923076923076925,9.505712567648827,445.45039085989174,525.4912808177992,1.5201443174984968
178,52,GodJJ,Bot,2.466666666666667,4.666666666666667,3.466666666666667,7.614154369157061,368.46944294213023,508.13412655489367,1.091709804527542
179,78,Goodo,Jungle,2.75,6.166666666666667,3.25,5.852746620650002,337.4058096059831,318.4843255680193,1.2712108139200495
180,66,Gori,Mid,4.25,5.4375,2.0,9.51071980643856,452.96390886484096,763.5997042811981,1.155319577928619
181,36,Grell,Jungle,2.6666666666666665,5.222222222222222,4.166666666666667,5.959639330184628,337.844568484328,364.0944611421211,1.368827823100043
182,60,Grevthar,Mid,2.9,6.4,2.7,7.83204642024947,381.240005482707,553.216064330425,1.3322977109699834
183,56,Guigo,Top,5.1,4.6,2.0,8.690560875512979,435.4079343365244,602.8202462380289,1.1129958960328294
184,30,Gumayusi,Bot,4.166666666666667,5.555555555555555,1.7777777777777777,8.663301551691921,459.8392222845401,606.2609833613772,1.8115535614133518
185,101,Gury,Jungle,1.75,7.5,3.5833333333333335,5.679271144078037,323.14036926549977,311.61976941062596,1.9325969523502347
186,91,H4cker,Jungle,1.125,5.8125,2.9375,5.700712589073623,313.39477434679276,286.4247030878854,1.601900237529688
187,20,Haeri,Mid,5.071428571428571,7.571428571428571,1.9285714285714286,9.177899210686096,465.8822100789314,773.4669095324833,1.1341833636915604
188,90,haichao,Mid,3.25,4.75,2.4375,9.362390825124907,428.38797890448586,663.7235259647875,1.2908446577559556
189,78,Halo,Support,1.0,5.5,5.5,1.0783055198973113,244.37098844672815,252.43902439024555,2.3876765083440463
190,46,Hanabi,Top,2.0,2.0,1.5,8.315294117647097,366.63529411764875,460.6588235294139,1.2705882352941236
191,17,Hans Sama,Bot,5.190476190476191,7.0,1.7142857142857142,8.785610260865132,450.6323615830762,627.56636602877,1.2754541505914831
192,50,Harp,Support,1.45,12.35,2.55,1.5346038114343001,303.1728518889998,315.3493814777661,3.68271481109996
193,47,Hasmed,Top,3.7,4.6,2.8,9.263891736723377,425.1148246873069,578.2150912446164,1.257945458273526
194,72,Hauz,Mid,3.8,9.3,1.6,8.542088065971656,428.4829625019436,739.7510502567271,1.0238058192002457
195,34,Hena,Bot,2.789473684210526,4.0,2.6315789473684212,8.577171091198407,398.9699355162891,564.9577087346129,1.6028808307511961
196,97,Heng,Jungle,1.4,5.933333333333334,3.466666666666667,4.924986404785531,300.9711781452938,246.85774607338294,1.6928441188701628
197,87,Hery,Top,1.7333333333333334,5.066666666666666,2.466666666666667,8.015548281505746,362.51841243862594,472.6084288052383,1.0720130932896912
198,54,hetel,Support,0.75,8.1,3.05,1.1958978882946494,249.50102001433598,168.13034129128343,3.0319236919005426
199,19,Hexflash,Support,0.7857142857142857,10.214285714285714,2.5714285714285716,1.106210513768035,255.00298009298012,184.8849684110153,2.7536059125044834
200,36,Hidan,Top,2.0,3.611111111111111,3.111111111111111,7.946758265349936,362.8716187204809,509.2434521253757,0.9171318162301417
201,67,Hieu3,Support,0.75,7.75,3.0,1.1738750364234316,249.91050243516716,149.15206260666912,3.8513091620530457
202,47,Hiro02,Top,1.25,6.5,3.5,9.002925402242765,411.9551438322749,420.2194051682086,1.1701608971233488
203,3,hongQ,Mid,7.0,10.833333333333334,2.6666666666666665,9.17624521072797,535.6194125159643,900.2171136653895,1.079182630906769
204,83,Hoopa,Bot,2.5,5.583333333333333,3.75,7.232285562067109,386.48641449120834,540.484816196056,1.8247202983484234
205,87,Hope,Bot,4.533333333333333,4.666666666666667,1.6666666666666667,7.109247135842895,401.4934533551563,657.344517184944,2.207446808510643
206,43,HowLa,Bot,2.25,2.75,3.5,8.311383273215347,368.6536364398965,530.3732908313068,1.0368257696501986
207,96,HOYA,Top,2.5384615384615383,3.8461538461538463,3.0,7.483216783216778,357.3083916083914,433.7958041958039,1.149650349650349
208,54,HRK,Jungle,1.7,7.45,2.8,4.944037051331545,308.5449633346206,272.44472625020745,1.6458069140431204
209,77,huhi,Support,1.5555555555555556,7.333333333333333,2.7777777777777777,3.1951650607218163,283.3844574947257,213.87080221221254,3.0720109470323242
210,18,Humanoid,Mid,3.772727272727273,5.681818181818182,2.9545454545454546,8.87413951611094,422.4243783214113,723.2383344171125,1.1045586025965861
211,39,Husha,Jungle,4.111111111111111,8.444444444444445,2.4444444444444446,6.302611828279769,379.07715400780387,403.0933653557473,1.459021314920438
212,14,Hylissang,Support,1.3333333333333333,8.133333333333333,5.133333333333334,1.328905929070247,258.306860194441,235.78734766534333,3.530740791455571
213,10,Hyo,Jungle,2.375,9.25,4.5,4.804429615958003,334.6276709022522,314.4345850784429,1.5886988003123537
214,11,Ice,Bot,4.333333333333333,5.428571428571429,1.8571428571428572,9.626528975335876,448.6088830960499,525.8286545017047,1.4602967716061768
215,52,ICU,Top,2.25,3.4375,3.6875,7.769416441857152,354.58185432344123,525.7667187278141,0.9839557006957249
216,16,IgNar,Support,0.6153846153846154,6.6923076923076925,2.1538461538461537,1.3872832369942245,244.3990139408373,187.58160489629444,3.593165589935409
217,35,IgnaVilu,Support,0.8571428571428571,7.285714285714286,2.6666666666666665,1.3451239257690897,255.58699713538473,168.45883671690157,4.033877195167526
218,67,Ikigai,Jungle,2.3333333333333335,6.666666666666667,3.1666666666666665,5.7020355492653065,333.5778212546321,285.893518711236,1.6559130832951812
219,59,Impact,Top,2.111111111111111,3.4444444444444446,1.8888888888888888,7.426365140650873,361.9492553778277,474.7446221731947,0.8670711527854406
220,53,Ino,Support,1.0,7.65,3.2,2.349302861935211,267.4698605723868,178.282838871999,3.3132403815913585
221,100,Insanity,Mid,2.111111111111111,4.444444444444445,3.111111111111111,7.293603744149746,347.1014040561613,405.8059282371284,1.0483619344773762
222,62,Inspired,Jungle,2.3333333333333335,6.444444444444445,1.6666666666666667,6.469002695417782,351.8916932124475,306.45062484685087,1.4665523156089175
223,84,Invictis,Jungle,2.8333333333333335,5.333333333333333,2.6666666666666665,6.235152809288686,348.29574269318124,336.9411450687317,1.3612705191512113
224,23,Irrelevant,Top,3.235294117647059,4.647058823529412,2.235294117647059,7.944526371936875,389.97458504596676,542.6488029870418,1.0730758369677769
225,63,Isles,Support,0.6666666666666666,10.0,2.0,1.9093163301452354,263.9284449167552,232.77364505844844,3.2483173928444917
226,23,ISMA,Jungle,1.588235294117647,8.470588235294118,2.5294117647058822,5.312666687584327,318.1594553041952,261.292083712466,1.2462740422327514
227,97,Iwandy,Support,0.5333333333333333,6.466666666666667,2.933333333333333,1.3204951856946396,249.00738939893233,178.0518857362214,4.456671251719409
228,80,JackeyLove,Bot,5.111111111111111,6.444444444444445,2.3333333333333335,8.34932445662819,459.87076561582325,608.0595261405937,1.8445271196397175
229,16,Jackies,Mid,2.5384615384615383,3.5384615384615383,3.230769230769231,8.476708602516181,384.2213532811982,487.9360761645716,1.0124107446446822
230,65,Jane,Mid,4.857142857142857,6.857142857142857,1.8571428571428572,8.736942070275367,434.9435475361383,740.3334388519543,1.2219056663501056
231,22,Jankos,Jungle,1.9285714285714286,7.071428571428571,2.7857142857142856,5.588224631113375,327.3364028568326,300.44375158612235,1.4617699307544525
232,35,Jauny,Top,2.7142857142857144,2.857142857142857,1.7142857142857142,7.871964130028662,379.6896251089807,523.357827873958,0.9475650765973366
233,62,Jensen,Mid,3.7777777777777777,4.333333333333333,1.8888888888888888,9.96079392305806,469.0137221269291,603.954913011516,0.7865719186473894
234,82,JieJie,Jungle,1.5714285714285714,6.0,2.5714285714285716,6.026288430120299,324.88935095796796,311.0344571513439,1.7599881182236732
235,44,JimieN,Mid,3.888888888888889,4.555555555555555,1.5555555555555556,9.035634481947561,440.5268728684,684.2067505586273,1.5100552746089637
236,90,Jinjiao,Support,0.8125,7.5,2.875,2.4243100705974365,268.2763624187303,187.35329408153657,3.5828891927337807
237,42,Jiwoo,Bot,2.7222222222222223,2.6666666666666665,2.2222222222222223,8.450904776030827,399.02936814001663,608.2818154850175,1.7086917828537476
238,11,JNX,Top,2.8,4.2,3.2,7.855291800559776,377.48937493521385,353.7742303306735,1.0013475691924971
239,60,JoJo,Support,0.625,9.875,2.75,1.3283177109028155,254.46719289590592,229.07005426739082,3.311544153922061
240,61,Jojopyun,Mid,3.111111111111111,4.888888888888889,2.3333333333333335,9.438396405736995,424.8868152756177,615.2030412994643,1.2821842059789181
241,43,Jool,Mid,2.8,3.0,3.55,8.71403405754552,398.61253250566284,578.8373458602474,1.1307776193272392
242,37,Josedeodo,Jungle,2.736842105263158,9.736842105263158,1.1578947368421053,5.911199078313801,365.32451035420013,341.25786535109825,1.7618386458302602
243,2,JP6RU8,Top,2.6666666666666665,3.1666666666666665,3.8333333333333335,7.270588235294132,383.59572192513446,602.5860962566857,0.7893048128342262
244,18,Jun,Support,0.8636363636363636,10.090909090909092,3.8636363636363638,1.2767674955714496,261.3821557503865,190.2827544453661,3.816848666950688
245,49,JunJia,Jungle,3.1875,7.6875,2.5625,6.000619472072138,354.58787899645546,403.90611556595684,1.4681488109577736
246,91,Jwei,Support,0.375,7.25,2.3125,1.4783847980997595,246.98147268408502,187.78147268408514,3.089786223277904
247,10,K1ller,Bot,3.5,5.25,4.25,8.932981823227466,415.4627445539082,748.613847648124,0.8325239350631376
248,86,k1ng,Bot,4.7,8.9,2.2,8.099814011159305,436.59330440173454,605.4804711717278,1.3205207687538707
249,9,K1thy1,Jungle,4.0,10.2,1.6,6.13664855829504,391.59214375261257,361.5169243627253,1.7801922273297153
250,70,Kabbie,Support,0.4,8.3,2.9,1.5842134519177322,241.14230127848808,251.29516397998893,4.035575319622013
251,87,Kael,Support,0.4666666666666667,8.733333333333333,1.8,2.952127659574474,269.7217675941086,170.3968903436992,2.929623567921446
252,101,Kairi,Support,0.9166666666666666,8.666666666666666,2.75,1.1900346690316839,250.4732725953394,150.62646133999814,3.9256631460130547
253,22,Kaiser,Support,0.5,9.571428571428571,2.5714285714285716,1.2551209078055343,251.36134575644456,247.83526084907407,3.5956929993111753
254,44,Kaiwing,Support,0.8823529411764706,10.529411764705882,1.7058823529411764,1.826486817903129,271.6830165542615,197.14469650521175,3.206008583690991
255,45,Kakkun,Mid,3.2,5.6,3.35,8.28468551290891,398.2854516203172,654.3354018233357,0.9162644602773309
256,99,Kanavi,Jungle,2.1,8.2,2.2,6.258868648130386,349.78619367209933,299.66059443911763,1.4266538830297204
257,32,Karis,Mid,1.2941176470588236,2.2941176470588234,2.8823529411764706,9.237204880367624,378.9307558231664,459.1126604341632,1.0286800823958182
258,66,Karsa,Jungle,1.875,8.375,1.9375,5.91975267155048,341.5632771019542,273.9680086027274,1.7501176154311364
259,101,Kati,Mid,3.75,6.166666666666667,2.8333333333333335,8.985729259050215,417.4941546400058,664.636781423848,1.3786987019269508
260,21,Katsurii,Bot,3.0833333333333335,3.25,2.3333333333333335,9.404009887393599,413.8368580060434,580.3268332875599,1.04641581982972
261,27,Kaze,Mid,4.117647058823529,6.352941176470588,3.0588235294117645,7.983499812497859,410.6378481573649,666.9853066512111,1.1904680735008337
262,52,Kazmma,Jungle,1.9375,5.6875,4.1875,5.526764162998714,313.62203606417677,269.64219792701937,1.3098111600170363
263,64,Kellin,Support,0.6111111111111112,7.166666666666667,2.1666666666666665,1.788936170212763,259.5114893617017,197.80936170212735,3.6731914893616966
264,90,Kepler,Bot,2.6,4.9,3.5,7.526377491207523,392.27823368503425,789.6626286309777,2.401979940080767
265,30,Keria,Support,1.7777777777777777,8.88888888888889,1.8333333333333333,2.344363432417279,309.18676388109986,386.25537483641875,3.269770050476731
266,57,Kiari,Top,2.6,4.1,3.3,7.836973605766642,396.08584900547476,568.5025201886089,0.9918161617256538
267,69,Kiaya,Top,4.75,8.25,2.25,8.012224938875285,420.1124694376518,677.9437652811719,1.13691931540342
268,26,Kiefer,Mid,2.380952380952381,3.0,2.4285714285714284,8.623255813953493,391.66266829865384,595.05752753978,1.0971848225214205
269,29,Kiin,Top,3.1666666666666665,4.888888888888889,2.1666666666666665,7.969649712092106,390.6333973128587,502.80590211132284,1.1390355086372326
270,10,Killer,Bot,4.235294117647059,7.470588235294118,3.0,6.1274640383591,399.5358284496548,543.0507458710723,1.8280500799147625
271,45,Kinatu,Top,2.6,4.25,2.4,8.11001302382594,385.3979927985904,467.49406266758604,0.9974718455527465
272,64,Kingen,Top,1.6666666666666667,3.7222222222222223,2.111111111111111,8.401702127659561,382.173617021276,464.86978723404184,1.251063829787232
273,27,KinGi,Jungle,2.466666666666667,7.066666666666666,3.0,5.573173095561152,346.6043806939327,335.73948439620057,1.4374878852490782
274,24,Kisee,Mid,5.071428571428571,6.928571428571429,2.2857142857142856,9.65736292531858,476.9412792313477,739.4505101838222,1.0052805018461868
275,79,knight,Mid,4.0,5.384615384615385,2.0,8.19442708984129,415.99650131200696,693.1125827814552,1.1670623516181402
276,57,Kojima,Bot,2.3,4.2,2.0,8.139396238686267,386.1937022383619,483.6030567448929,1.3592759200043387
277,46,Kongyue,Jungle,1.8333333333333333,7.5,2.8333333333333335,5.943998690027857,332.67234321270786,223.7940068773546,1.6947764859996781
278,101,Kratos,Top,3.8333333333333335,3.9166666666666665,2.1666666666666665,8.680964282834784,421.9519471095696,569.5573651535909,0.8949447714262664
279,5,Kriss Kyle,Jungle,3.0,9.166666666666666,3.6666666666666665,5.200041567078916,343.3399147874911,313.6610204717889,1.1784266860646464
280,84,Kurak,Support,1.1666666666666667,7.833333333333333,3.75,1.203790204190581,259.4288002135333,319.8238355798754,3.275056719604973
281,74,Kuri,Support,0.8,14.2,1.6,1.1325952757512383,267.1577980715272,177.53584000816304,3.6702209070965806
282,9,Kwhite,Bot,5.05,4.4,2.3,8.905058155261003,450.0584257506076,623.6559372464146,1.163646199621312
283,26,Kz,Bot,2.3333333333333335,4.166666666666667,3.1666666666666665,7.123843102688403,355.3089466725426,516.7245482591445,1.3433230498016735
284,11,Labrov,Support,0.8571428571428571,9.761904761904763,3.6666666666666665,1.0963505113294572,256.16553037898547,165.1398636454783,3.7808301584118724
285,36,Lac,Bot,3.5,5.5,4.0,7.451531329024965,393.36330429895816,471.8572632761985,1.011520089912891
286,12,Larssen,Mid,2.5555555555555554,3.5555555555555554,2.111111111111111,9.12447078746828,419.9254868755307,623.2447078746847,0.8264182895851002
287,46,Lauva,Jungle,2.2,7.0,3.4,6.125797629899755,338.0674567000927,221.39015496809583,1.4494074749316384
288,25,Lava,Mid,4.105263157894737,6.421052631578948,1.8421052631578947,9.26736162090736,443.1719277639116,704.2542945235652,1.3601526941711943
289,82,Leave,Bot,2.0,4.0,3.4285714285714284,8.63429222443747,376.273141555112,477.49643976075123,1.1577898034747918
290,24,leemas,Bot,6.428571428571429,6.714285714285714,2.4285714285714284,9.173780124667454,481.79140032556296,696.1948624290283,1.1029499344900107
291,21,LeeSA,Jungle,2.1666666666666665,4.916666666666667,3.6666666666666665,5.723702279593534,323.7242515792374,272.51304586652094,1.2414171930788278
292,29,Lehends,Support,0.3888888888888889,9.666666666666666,1.9444444444444444,1.9487763915546965,278.9035508637227,143.73260556621835,3.6420345489443267
293,56,Leleko,Mid,4.0,9.5,0.0,8.832024322270124,424.8188497593131,465.9538890296452,0.9424879655434556
294,69,Levi,Jungle,3.1666666666666665,13.166666666666666,1.9166666666666667,5.92420537897309,366.0488997555003,365.4327628361849,1.6356968215158882
295,92,Leyan,Jungle,5.5,7.5,1.5,9.07177033492823,481.35885167464113,638.1435406698564,1.6076555023923444
296,88,Life,Support,0.875,7.1875,2.125,1.4736697468311017,273.46776132733464,237.69777747243424,3.975816701590483
297,93,Light,Bot,4.363636363636363,4.0,1.8181818181818181,9.031599575406272,450.3649873438418,668.6176206417936,1.4526006368906752
298,46,Likai,Top,3.642857142857143,4.857142857142857,2.5,8.473016854801326,408.84567805783337,627.3650842740085,1.097108396474412
299,1,LJW,Top,2.7777777777777777,2.0,3.888888888888889,6.935866983372922,349.1600086374433,514.5411358237961,0.850788166702656
300,72,Lonely,Top,2.9,5.9,2.3,7.901042477049921,392.71199626575265,418.0581920024882,1.3007624085887621
301,64,Lucid,Jungle,1.2777777777777777,6.388888888888889,1.9444444444444444,5.3923404255319065,311.10638297872293,183.37021276595715,1.5574468085106359
302,6,Luffy,Support,0.55,8.85,5.45,1.1816546762589928,241.56294964028777,194.17985611510792,2.7032374100719423
303,81,Lwx,Bot,2.6666666666666665,5.916666666666667,2.5,8.898055391867983,407.7383618149667,592.1862109605173,1.54625810253388
304,25,Lyonz,Support,0.8888888888888888,9.88888888888889,2.111111111111111,1.3376334658859639,273.51222719729486,215.83993487177898,3.2858440053856053
305,58,Makes,Top,3.6,3.6,4.3,7.7741574177782224,385.59209856430056,560.050911312493,1.0141533448732298
306,72,Malrang,Jungle,3.3,8.6,1.7,5.3835381982262165,342.32768009957886,295.2606192624855,1.7893262797572684
307,49,Maple,Mid,3.0625,6.25,2.75,8.961695976873049,436.41394500464634,570.9219809340266,1.3690332794163205
308,48,Marble,Bot,4.7,6.7,1.4,8.281329923273672,449.4305200341014,600.1125319693106,1.5277067348678628
309,65,Marcus,Top,8.0,8.0,5.0,7.23943661971831,436.84507042253523,883.2112676056338,0.9577464788732394
310,95,Mark,Support,0.6875,7.4375,1.625,1.8830140179932509,258.3351764952036,146.16313477000372,3.7301611023104395
311,12,Markoon,Jungle,0.6666666666666666,5.666666666666667,3.2222222222222223,5.127857747671483,299.4750211685023,209.83234546994146,1.334462320067744
312,76,Mask,Mid,2.2222222222222223,5.444444444444445,3.0,9.726329372546921,418.3031345771282,768.3800204312067,1.4968546696058944
313,62,Massu,Bot,3.4444444444444446,5.333333333333333,2.111111111111111,8.225925018377838,413.9132565547655,676.4114187699086,1.113697623131584
314,31,Mataz,Jungle,2.411764705882353,5.411764705882353,4.235294117647059,4.684556371993667,302.5947625675727,289.6578512931739,1.377010973359664
315,75,Meech,Bot,4.666666666666667,7.111111111111111,2.6666666666666665,7.133550488599371,392.2149837133563,819.3224755700352,1.0814332247557037
316,80,Meiko,Support,1.1111111111111112,10.222222222222221,1.8888888888888888,2.185235950655971,308.85059721950387,251.34129626003622,3.1642843156452054
317,90,Meteor,Jungle,1.875,7.0625,2.5625,5.851494265703067,325.28950525992815,380.7422496302719,1.4599436336746994
318,21,mfis,Mid,1.8333333333333333,3.9166666666666665,3.0833333333333335,7.7780829442461075,353.69678659708967,495.0013732491087,0.8157099697885218
319,58,micaO,Bot,2.9,4.4,2.9,7.789430811526313,379.71795132878486,537.5593116790545,1.1271764586091018
320,17,Mikyx,Support,0.8095238095238095,10.952380952380953,4.0476190476190474,1.3383070594547652,275.58087840772663,231.42441043460514,3.823296456220143
321,88,milkyway,Jungle,3.2,5.266666666666667,1.9333333333333333,5.6321463573995665,344.902537297181,309.1516933464023,1.4809974953718892
322,81,Ming,Support,0.75,8.5,3.0833333333333335,1.565114908662342,255.80436063641665,183.31644077784287,3.884502062463162
323,46,Minji,Mid,3.5625,5.5,3.375,7.9905704230028824,380.70456205591466,677.3856165748081,0.9861212563915299
324,73,Mir,Jungle,1.6,7.4,3.9,5.592628221355903,315.45035694395347,265.5997164700532,1.6616880157966751
325,99,MISSING,Support,0.5,10.1,2.4,2.105465004793862,272.1342281879192,224.9971236816872,3.506232023010543
326,44,MnM,Bot,4.235294117647059,6.588235294117647,1.411764705882353,9.08645003065605,436.0944206008589,706.2636419374625,1.5524218270999404
327,32,Morgan,Top,1.6470588235294117,1.8235294117647058,3.235294117647059,8.343527174774215,354.4649025511017,432.29282205672695,0.9716368245919836
328,8,Mounnika,Top,0.0,3.0,5.0,6.7735728030789835,327.8255291853794,601.9243104554279,0.6927517639512597
329,88,Moyan,Jungle,0.0,6.0,4.0,6.107554417413651,313.86683738796813,290.7810499359832,1.5364916773367674
330,15,Myrwn,Top,3.2413793103448274,4.655172413793103,3.1724137931034484,7.868043007674827,403.01876666010685,614.044403098556,1.0454943914700248
331,10,N0way,Bot,1.5,3.0,6.0,4.904380012338093,308.994447871686,429.19802590993476,1.6101172115977889
332,94,naiyou,Jungle,1.4545454545454546,5.909090909090909,3.727272727272727,5.024023761684267,299.90041058792593,283.63064558399486,1.6694330392242451
333,6,Nami,Mid,3.2222222222222223,4.333333333333333,4.222222222222222,7.185777287761872,361.62486218302195,574.4694046306521,1.1576626240352843
334,19,Nebula,Bot,3.9285714285714284,4.785714285714286,2.857142857142857,8.534986291572338,416.1258791274308,539.0654428418193,1.0179997615925664
335,78,Nectaar,Top,2.3333333333333335,3.5,3.4166666666666665,7.414437733678479,358.11331607707893,578.3146390566596,1.0497555363819413
336,8,Nemo,Bot,3.75,4.833333333333333,5.0,8.657698350353511,430.864100549883,653.7637470542039,1.0428122545168912
337,72,Netuno,Bot,4.9,5.4,1.4,9.475649603236317,459.70126030807387,599.6576941030011,1.266531818889058
338,71,NinjaKiwi,Bot,2.6,4.1,2.8,8.96313477767361,398.59744361644454,679.2113704782129,1.2525292404875907
339,23,Nisqy,Mid,3.6470588235294117,5.411764705882353,2.823529411764706,8.492359825546739,417.6241724451698,667.906874588184,1.1257883342223345
340,18,Noah,Bot,5.136363636363637,5.818181818181818,2.5,8.710002914994273,438.8420745790071,648.7943135188459,1.3709442339170783
341,36,Nobody,Mid,4.055555555555555,4.277777777777778,3.6666666666666665,9.348218119364534,440.05495920996134,749.7398024903392,1.3379132674967797
342,51,Nogo,Mid,2.0,2.5,2.0,9.005266237565776,377.4312463428884,302.08894090111,1.1936805149209995
343,8,NoNoNo1,Jungle,3.25,7.583333333333333,4.5,5.9210526315789584,371.4179104477619,529.221327572664,1.3933621366849986
344,83,nox1,Jungle,3.3333333333333335,5.416666666666667,6.083333333333333,5.261054874800199,345.1491742141706,356.806073521576,1.2200319659030334
345,11,nuc,Mid,3.9523809523809526,5.333333333333333,2.142857142857143,8.812913575295772,418.1547022257872,583.6540004010429,1.1038700621616206
346,7,Nugu,Mid,4.294117647058823,6.588235294117647,1.2352941176470589,8.389670375813562,433.06109594793196,703.3340331723704,1.1820281335292881
347,40,NuL1,Mid,1.5625,5.1875,2.9375,8.140640727499903,363.007184755822,528.3232098851126,0.8788310020478278
348,25,Oddie,Jungle,2.2222222222222223,8.833333333333334,2.111111111111111,5.162367223065256,333.5089529590292,284.78603945371805,1.3693474962063747
349,16,Odoamne,Top,1.5384615384615385,3.1538461538461537,2.3076923076923075,8.01768106086368,365.1130567834083,477.60285617137197,0.9512070724243488
350,76,Olleh,Support,1.0,7.222222222222222,2.888888888888889,1.7839668799397836,246.9326307866017,167.52836173987868,3.9163395881499046
351,79,ON,Support,1.3846153846153846,9.384615384615385,1.5384615384615385,2.491565662876415,313.50993377483366,229.26152692740166,3.763588654254645
352,30,Oner,Jungle,2.0555555555555554,7.333333333333333,2.1666666666666665,6.186203028603489,358.90446812488386,254.08487567769726,1.594690596373157
353,27,OnFleek,Jungle,3.0,9.5,1.0,6.749576031656265,381.0118711136214,334.23968343696816,1.9332956472583274
354,41,Orca,Support,0.7647058823529411,10.058823529411764,2.4705882352941178,2.549148491186134,283.0737974305345,263.0481027786074,2.965043322378246
355,18,Oscarinin,Top,2.409090909090909,4.5,2.8636363636363638,7.960625154158343,380.1040428728386,440.32603089893894,1.1112855124784167
356,10,Pake,Mid,4.714285714285714,8.714285714285714,2.7142857142857144,7.857275254865674,422.06858202039234,774.3836886005618,1.1010194624652536
357,77,Palafox,Mid,3.2222222222222223,4.666666666666667,2.6666666666666665,8.648155539084316,405.83727692570795,595.0943611380345,1.159701237242715
358,27,pan,Top,4.235294117647059,3.0588235294117645,1.8235294117647058,8.120546824395722,415.2463096171542,566.7446220979776,0.9818293389697598
359,16,Patrik,Bot,3.1538461538461537,4.538461538461538,2.8461538461538463,8.28544712682764,400.81009860591774,521.0778646718821,1.1628697721863352
360,16,Peach,Jungle,1.7692307692307692,5.615384615384615,3.6153846153846154,5.96735804148251,332.568004080246,289.0802448146899,1.6269976198571972
361,38,Peanut,Jungle,1.1176470588235294,7.235294117647059,1.411764705882353,5.6642810670136665,318.65387117761895,236.31880286271974,1.5536759921925838
362,2,Pepero,Bot,2.3333333333333335,3.8333333333333335,4.833333333333333,8.72085561497328,399.8053475935837,682.0171122994666,1.2962566844919812
363,33,PerfecT,Top,1.95,5.55,2.55,7.830873801462815,369.67771948414526,428.7814333341958,1.1661023957821854
364,22,Perkz,Mid,3.2857142857142856,3.0714285714285716,2.9285714285714284,9.201319653409723,408.4298299677344,644.0619221984566,0.9940905630279535
365,42,Peter,Support,0.3333333333333333,6.0,2.1666666666666665,1.7531889646988974,250.2539305843956,144.1530703055469,3.031148027291596
366,29,Peyz,Bot,5.444444444444445,4.5,1.6111111111111112,9.114083493282122,456.94937619961473,694.7738723608423,1.9649712092130458
367,89,Photic,Bot,5.285714285714286,5.928571428571429,2.0,8.53742110009014,447.26780883678833,767.6385933273192,1.7074842200180282
368,14,Photon,Top,2.2,3.933333333333333,2.2,8.1829385184171,382.9939750787353,487.76393263042655,1.191291250171164
369,58,Pilot,Mid,3.2,5.3,2.0,8.614194073923217,412.31748294470987,612.5394562671819,1.3287852560839004
370,28,Pleata,Support,0.42105263157894735,4.421052631578948,2.0,1.9626393008899252,243.39453218952974,189.8468692375534,3.0241321253908486
371,32,Pollu,Support,0.3333333333333333,5.0,2.1666666666666665,1.7322983718288494,233.62173419159365,180.46005301022305,2.9136690647481958
372,85,ppgod,Support,0.6923076923076923,6.230769230769231,2.4615384615384617,1.1800520729020667,239.52653715201362,150.29921890646955,3.54976967754858
373,52,Prage,Bot,1.0,5.0,4.0,9.763779527559056,392.3097112860892,513.8320209973753,1.0761154855643045
374,44,Pretender,Mid,3.0,9.5,1.75,8.008197771230957,394.5843473805564,648.9368515434875,1.099013705648778
375,97,Prince,Bot,3.6153846153846154,2.769230769230769,1.6923076923076923,9.19954904171368,427.4971815107121,647.4385569334864,1.5152198421646064
376,56,ProDelta,Support,0.7,10.6,2.7,1.2508891928864545,273.50150478796115,194.0060191518464,3.880711354309158
377,65,Puddin,Bot,4.5,6.214285714285714,2.2857142857142856,9.38482642186342,445.269600084413,673.4578453096943,1.5975519679223316
378,67,Pun,Top,2.8333333333333335,3.5,3.6666666666666665,7.650168588436109,378.3424218457325,543.4716729800626,1.1613870041210546
379,33,Pyosik,Jungle,3.0,7.3,2.1,5.915798723283295,347.51402062388627,316.72860724162064,1.7026335512883506
380,69,Pyshiro,Bot,5.916666666666667,8.583333333333334,1.4166666666666667,9.396088019559878,475.0757946210257,719.0024449877733,1.9144254278728559
381,47,Qiang,Jungle,2.9285714285714284,8.357142857142858,3.5714285714285716,5.726760969976889,355.0440242494216,336.0017321016157,2.0243937644341745
382,96,QiuQiu,Support,0.38461538461538464,7.846153846153846,3.0,2.498601398601397,255.22867132867117,181.15804195804185,2.7881118881118865
383,98,Quantum,Support,0.3333333333333333,8.666666666666666,1.0,1.0780790591310065,250.82979418490774,180.27442012414303,3.7340738320810316
384,75,Quid,Mid,4.555555555555555,6.888888888888889,2.888888888888889,8.941368078175923,417.9869706840404,750.3745928338786,1.1921824104234566
385,28,Rascal,Top,1.368421052631579,2.526315789473684,2.526315789473684,8.190491461556975,362.4388679547829,400.25495069349853,1.1577006333680768
386,50,RayFarky,Top,3.55,4.75,1.65,8.024072216649936,401.63156135071813,513.640922768304,0.9394851220327632
387,18,Razork,Jungle,2.8636363636363638,8.136363636363637,2.8636363636363638,6.238536224409708,353.58387335470957,385.9376191223621,1.6090768437338818
388,84,Realer,Bot,3.0,4.3,3.9,8.504309438721894,405.11036367458524,506.0552869455545,1.0468782846331732
389,31,Reble,Support,0.8235294117647058,8.0,3.1176470588235294,1.4352765998769983,249.433204933157,248.5417408474418,3.4512672773767603
390,55,RedBert,Support,1.1,8.8,3.2,1.0314568686816832,250.49930723046083,155.56524862728966,3.1405552419561698
391,40,Relhia,Top,2.625,3.125,4.8125,7.480476207004259,362.5531914893612,526.3385512477867,0.8184374023810339
392,40,RenYe,Jungle,2.125,5.25,3.125,5.191767033424727,317.8098642879452,285.6929644927281,1.1453958557495385
393,66,Rest,Top,3.0625,4.5625,1.3125,8.284830969823203,396.48027421197474,469.40654613885124,1.092815377377507
394,84,Reufury,Mid,4.166666666666667,4.0,3.5,8.130254904577628,398.8522621113049,620.7607099959979,0.8728146269851885
395,63,Rich,Top,2.2222222222222223,5.333333333333333,2.6666666666666665,7.789585547290117,367.5841303577754,570.913921360255,1.0520722635494155
396,67,Richard I,Mid,2.6666666666666665,4.0,2.5833333333333335,8.519335636681543,391.0802147941569,517.1244224285078,1.216334346251513
397,51,Rigel,Top,1.0,1.0,4.0,7.526278906797582,329.6426068675589,368.5564120532637,0.7568325157673547
398,75,River,Jungle,2.7777777777777777,8.88888888888889,3.3333333333333335,5.814332247557021,341.2475570032584,393.739413680783,1.527687296416943
399,21,River1,Top,2.9166666666666665,2.6666666666666665,6.166666666666667,6.792090085141464,347.0310354298279,549.3545729195291,0.8486679483658359
400,6,Robin,Top,1.5714285714285714,2.7142857142857144,2.857142857142857,7.670559311616499,357.2605145315668,352.30836772324295,0.779699710246732
401,55,Robo,Top,3.1,4.9,4.4,7.740544978703736,387.2212244060135,542.3800482372853,1.1700107764150436
402,89,Rookie,Mid,5.071428571428571,6.571428571428571,1.7857142857142858,9.07844905320105,442.29900811541773,840.8245266005381,1.233543733092872
403,55,Route,Bot,3.5,4.6,2.6,8.919792682301003,431.5215271719599,631.1253656283664,1.7580951403499734
404,5,Rudeus,Mid,1.3333333333333333,4.666666666666667,3.888888888888889,6.833285998295919,311.9838114172101,495.5239988639577,1.047997727918202
405,99,Ruler,Bot,4.6,4.7,1.3,8.542665388302963,467.2176414189832,726.2703739213799,2.2866730584851367
406,86,Ryoma,Mid,8.2,7.2,2.5,9.398636081835061,497.29076255424525,993.329200247982,1.00433973961562
407,51,Ryuk,Top,2.6551724137931036,4.448275862068965,2.586206896551724,8.168008230950786,392.0014525207282,461.154753979301,1.0216062458391322
408,39,S1aytrue,Support,1.2222222222222223,10.777777777777779,2.7777777777777777,2.0606424497147917,278.2389672770928,200.1471029720796,3.633143200240153
409,6,Sabo,Top,3.6153846153846154,3.923076923076923,3.1538461538461537,8.44658868508487,417.8589959492051,590.1169723726722,1.0240771926630543
410,13,SAKEN,Mid,2.4444444444444446,4.0,2.111111111111111,9.045175683212532,407.6754043502528,661.5393195761324,1.2113775794757444
411,32,Samver,Bot,3.5,2.1666666666666665,2.3333333333333335,8.4002271866717,389.9375236652776,532.1961378265798,1.42559636501325
412,6,Sanji,Mid,4.090909090909091,6.7272727272727275,2.8181818181818183,6.971561969439715,379.4980899830213,667.277164685907,0.9645585738539879
413,57,scamber,Support,0.5,7.6,3.2,1.6194244214405757,251.9115495095122,146.6131916969273,3.076256029483503
414,95,Scout,Mid,3.1875,4.1875,2.6875,8.982873539169708,409.01395821502354,568.7724541949385,1.3485967062199282
415,20,Scxtt,Support,1.1428571428571428,13.285714285714286,3.7857142857142856,1.0904675166970248,288.72859744990893,263.58227079538557,3.159684274438373
416,31,seiya,Mid,3.0588235294117645,4.411764705882353,2.9411764705882355,7.995986145728826,374.8888097627303,561.6942349399554,1.23911565726864
417,70,Seize,Jungle,2.0,6.3,2.6,5.1500833796553644,308.0489160644803,213.56586992773765,1.5147304057809896
418,28,SeTab,Mid,1.736842105263158,2.736842105263158,2.8947368421052633,8.987412811673227,390.21245891124886,553.5781287581184,1.0839413132365927
419,27,Shadow,Support,1.0,10.411764705882353,2.411764705882353,1.6302457982477052,287.3466743940268,273.3924249139191,3.13367197354515
420,89,shanji,Top,2.857142857142857,5.928571428571429,2.142857142857143,7.968259693417465,386.0559062218201,508.5965734896285,1.0712353471595994
421,87,Shanks,Mid,4.533333333333333,5.4,2.533333333333333,9.490589198036027,436.1927168576114,790.3498363338805,1.2234042553191515
422,90,Shaoye,Bot,2.6666666666666665,4.333333333333333,4.166666666666667,7.562080274871202,379.13946587537333,679.6407933781084,1.6304857098235306
423,52,ShengBai,Mid,2.5625,4.9375,3.0,8.95144114723838,402.4187136163561,662.6409200624724,1.120261252307254
424,11,Sheo,Jungle,2.2857142857142856,7.476190476190476,1.8095238095238095,6.172047323039906,350.5539402446362,305.9584920794066,1.327952676960097
425,1,Shera,Mid,3.2222222222222223,4.666666666666667,3.2222222222222223,8.261714532498381,386.37443316778234,655.072338587778,0.9458000431872166
426,24,Shernfire,Jungle,4.642857142857143,9.5,3.0714285714285716,6.305633858736626,388.1764402270998,570.499066978995,1.572239647437164
427,21,Shinki,Support,0.125,6.75,4.125,1.158779931584952,233.4791904218935,174.6935575826687,2.6895667046750362
428,101,Shogun,Bot,3.5,6.0,3.4166666666666665,9.571071514956044,434.72788841409266,671.9922599371109,1.470611948722081
429,64,ShowMaker,Mid,3.5,4.5,1.5555555555555556,8.929361702127645,410.9651063829781,601.7191489361693,1.159148936170211
430,66,Shunn,Bot,4.5,5.25,1.875,8.175952684992232,443.7052221251408,630.866993749577,2.1815982256872
431,67,Slowz,Bot,3.0833333333333335,4.833333333333333,3.4166666666666665,9.188694168088947,416.34849935478644,463.45835241227314,1.0764683844648915
432,56,Smiley,Bot,4.3,5.4,2.1,9.274965800273579,441.2093023255805,588.3250341997252,1.3395348837209275
433,37,Snaker,Bot,5.7894736842105265,6.526315789473684,1.7894736842105263,9.388792059318801,477.1994918909349,634.6713538743331,1.4179787894006117
434,75,Sniper,Top,3.2222222222222223,5.111111111111111,3.0,8.110749185667778,397.3550488599361,504.8403908794804,0.8436482084690581
435,46,SoCool,Jungle,1.6,9.6,4.8,4.371165644171789,297.21297107800245,240.23663453111362,1.3540753724802836
436,26,SolidSnake,Jungle,0.8571428571428571,3.8095238095238093,2.619047619047619,5.309669522643822,295.4981640146881,185.61811505507967,1.4173806609547133
437,82,Solokill,Top,1.1666666666666667,3.6666666666666665,2.5,7.837184085411613,348.7096505129696,360.2902660772368,0.9308532821753257
438,65,Soraaa,Support,0.7857142857142857,12.214285714285714,2.5,1.0720692202173638,255.55766592803522,175.00896908304242,3.6108473145510027
439,51,Sorn,Jungle,3.096774193548387,9.03225806451613,3.2580645161290325,6.03055910573603,382.21315071628857,433.80195715620994,1.822100986208343
440,68,Sparda,Top,3.0,5.6923076923076925,1.9230769230769231,7.939867708959711,400.67829224293445,477.7678893565845,1.2026458208057726
441,28,Sponge,Jungle,1.0526315789473684,4.2105263157894735,3.5789473684210527,4.959512547101747,286.4395093401752,265.62013950132325,1.4062374729415559
442,10,Spot,Jungle,2.625,4.5,6.0,5.5347538974742925,324.58165974538724,282.023282728572,1.4296412281298911
443,10,SPOT,Jungle,3.05,8.2,2.6,6.413835127528089,387.1613034268645,338.6849664857972,1.4972579287932022
444,53,Ssol,Bot,3.3,5.4,2.55,7.4976412621868045,409.585386308837,682.0872208826914,1.7769158192682653
445,85,Starry,Bot,2.4,4.6,2.2,9.546272236658101,403.31800919448733,713.0021986807986,1.2232660403757867
446,97,Stay,Bot,4.5,6.5,1.5,10.720275209632293,475.0462266179296,755.7600516018028,1.173941087938073
447,50,Steal,Jungle,2.35,9.7,2.8,5.110330992978928,338.03243062520835,319.03376797057786,1.5112002674690712
448,57,sting,Jungle,2.0,6.5,3.3,5.628963199826579,332.98032626957956,329.19841742995027,1.3625277762722916
449,51,Sty1e,Bot,2.6153846153846154,6.538461538461538,4.3076923076923075,5.996543012897222,368.11594202898556,588.3738864512699,2.140672782874618
450,7,Style,Bot,6.777777777777778,6.222222222222222,1.5555555555555556,9.775619557937034,504.49028801071637,729.3596784996647,1.4949765572672462
451,84,Styx,Bot,5.5,4.0,0.5,7.806432917994875,402.4050999710276,467.7600695450648,0.8866995073891729
452,25,Summit,Top,3.4210526315789473,6.473684210526316,2.526315789473684,8.670092497430632,433.1223021582736,745.2949640287774,1.2773454705623264
453,10,Sung Jin Woo,Support,0.8,9.6,3.1,1.1501385041551222,243.08144044321276,136.281440443213,3.277562326869799
454,15,Supa,Bot,4.793103448275862,6.586206896551724,2.9310344827586206,8.493836878544462,430.9637368731773,666.2321770399125,1.1109719662951496
455,70,SuperCleber,Top,2.7,4.2,2.6,7.943301834352419,377.72373540856034,509.25236242356874,1.0144524735964426
456,5,Sweetboy,Jungle,1.3333333333333333,7.666666666666667,4.333333333333333,5.335463258785909,325.0287539936082,326.5047923322663,1.1757188498402482
457,86,Swip3rR,Jungle,1.6,12.2,3.5,5.055796652200852,324.54432734035856,249.77681339119576,1.1159330440173556
458,66,SwordArt,Support,0.5,10.3125,1.8125,1.9840043013643298,274.12326097183825,240.62504200551,3.010282949122911
459,42,Sylvie,Jungle,1.7777777777777777,4.277777777777778,2.111111111111111,5.4250964105606485,314.5612577870059,261.8516760605154,1.8048056956392708
460,12,Szygenda,Top,1.7777777777777777,2.7777777777777777,2.5555555555555554,8.545300592718066,373.6325148179522,508.7417442845064,1.117696867061816
461,41,Taco,Top,3.4705882352941178,3.764705882352941,3.3529411764705883,7.980878398565872,392.11711980878357,544.4457723334324,0.9895428742157145
462,76,Tactical,Bot,3.6666666666666665,4.555555555555555,2.0,8.126243346416482,394.75993332974934,618.823592666273,1.3387816549276856
463,98,Taeyoon,Bot,2.0,1.5,5.0,8.832825062378731,379.611865816469,620.9509287496552,1.1311339062933217
464,47,Taki,Support,1.0714285714285714,11.857142857142858,2.2857142857142856,1.015444572748265,281.13957852193914,236.09627598152358,3.8214491916859012
465,54,TaNa,Top,3.55,5.6,3.35,8.066934994762109,396.7916413960422,618.9408391685521,1.002370844130785
466,81,Tangyuan,Mid,3.1666666666666665,5.583333333333333,1.6666666666666667,8.914555097230387,411.5262227460215,563.1302298173235,1.3482616381850294
467,13,Targamas,Support,0.8888888888888888,6.777777777777778,3.4444444444444446,1.2180702732850026,247.39877300613605,180.77635248187477,3.9085331846068216
468,71,Tay,Top,1.5,1.9,2.9,7.5832798697132855,348.51700143118063,356.83462468538784,1.0186053397818704
469,28,Teddy,Bot,2.4210526315789473,2.736842105263158,2.3684210526315788,8.432614447205978,391.2915898340421,645.4036719313727,1.7141024613164462
470,82,Thesnake,Bot,2.0,3.7142857142857144,3.0,9.213221601489757,401.35940409683417,466.38268156424573,1.052141527001862
471,24,Thien,Top,3.0,6.857142857142857,2.5,7.07984277603523,380.2675983642341,590.8381307817502,1.0910390280700322
472,80,Tian,Jungle,2.0,9.0,1.5555555555555556,6.058351282553382,361.6682984139431,298.3082044252998,1.6017231251223873
473,92,Tianzhen,Jungle,1.5833333333333333,8.666666666666666,2.9166666666666665,5.286222036378834,316.26510558227005,245.97616558645166,1.7311310892745113
474,41,Tide,Bot,3.823529411764706,5.705882352941177,2.6470588235294117,7.339109650433215,400.7505228562888,742.4977591873311,1.6617866746339989
475,55,tinowns,Mid,3.5,5.9,1.6,9.07989942012622,430.2776209780871,675.2809565351246,1.2100374608713478
476,74,TitaN,Bot,7.2,6.8,2.5,9.856639967348615,490.79026580276565,776.2930462731501,1.4631906535380863
477,4,TNS,Support,1.0,13.555555555555555,3.5555555555555554,1.239687208551544,262.57263792237563,193.81734701198047,2.7118157687065025
478,43,tol2,Top,1.6,2.6,3.2,7.378575622850442,355.1061152587875,408.02113916617793,1.0351480580488228
479,83,Tomasino,Top,2.9166666666666665,4.833333333333333,3.75,7.690463505594012,387.8955780500789,523.9637719765569,0.9936068193926452
480,63,Tomo,Bot,4.333333333333333,4.0,2.2222222222222223,8.809776833156217,418.3528161530287,691.4452709883103,1.4381863266029047
481,9,TomRio,Bot,3.04,7.72,2.4,6.699755059945846,382.00593012762613,373.320871470929,1.6991104808559987
482,83,Toppy,Support,0.5,2.5,4.0,1.0347705146036104,222.4089012517373,110.63699582753763,2.18636995827537
483,56,Toucouille,Mid,3.5,5.25,2.375,8.53015075376881,412.131490787268,697.780569514235,0.9170854271356746
484,5,TQK,Support,0.5,8.333333333333334,3.8333333333333335,1.3001630463367184,234.7741019302585,144.38121285436296,2.7328669857465973
485,36,Trigo,Bot,3.4375,4.5625,3.0,8.471443141254468,405.3021417644062,518.1272310045899,1.822412034676187
486,73,Tutsz,Mid,2.2,4.9,2.8,8.812718343375053,399.42483924864723,515.2630246569814,1.011594349653186
487,96,ucal,Mid,3.3076923076923075,5.615384615384615,2.4615384615384617,8.643356643356638,403.03006993006966,555.3524475524472,1.0321678321678316
488,59,UmTi,Jungle,1.1111111111111112,5.666666666666667,2.7777777777777777,5.688913403199131,318.84390512962017,326.14451185879835,1.5124103695532303
489,8,uncle4,Support,0.5,10.25,5.333333333333333,1.3845247446975675,252.91732128829585,214.53358208955265,3.3375883739198806
490,13,Upset,Bot,2.4444444444444446,4.444444444444445,1.3333333333333333,9.312883435582863,408.0669269380944,529.0842163971022,1.2247629670942608
491,6,Usopp,Bot,4.5,4.3,4.3,8.232014388489208,420.9928057553957,594.2230215827338,1.1025179856115108
492,82,Vampire,Support,0.2857142857142857,6.571428571428571,3.142857142857143,1.4302688251893647,236.350809446012,150.77528590524273,3.7472152086736936
493,14,Vetheo,Mid,4.6,3.6,2.533333333333333,9.19348213063126,437.538682733124,582.8412980966734,1.388470491578805
494,94,VicLa,Mid,3.090909090909091,4.7272727272727275,2.272727272727273,8.203022626015521,378.2379662793732,579.1333973966958,1.286800034943649
495,9,Vince,Mid,3.36,5.44,2.28,8.926131236302682,425.01611447724576,552.9160758025002,1.0261699110480842
496,20,Violet,Bot,6.071428571428571,8.142857142857142,2.142857142857143,8.675166970248938,469.7049180327869,836.3982999392836,1.034608378870674
497,38,Viper,Bot,4.0588235294117645,4.764705882352941,1.3529411764705883,8.757970071567994,427.52244632400806,613.2101496421604,2.096291476903059
498,35,VirusFx,Bot,3.0,3.857142857142857,2.9523809523809526,8.529580271515773,407.7220077220085,500.8434425208629,1.3690372400049846
499,48,Vsta,Support,1.3,11.5,1.85,2.0511508951406685,295.59420289855126,258.59846547314623,3.0809889173060583
500,61,VULCAN,Support,0.6666666666666666,8.88888888888889,2.4444444444444446,0.8398133748055987,250.55123552790735,202.58510454466906,3.4802142733713493
501,46,Wako,Bot,2.8181818181818183,5.2727272727272725,3.1818181818181817,9.080685971324174,414.34635929153893,669.0750632555543,1.4984537531627817
502,53,Washidai,Top,1.45,3.95,2.45,7.535381067197812,353.75248977880244,464.28766118041676,0.996959849040779
503,97,Wayward,Top,3.4,3.8,2.4,8.491091135920183,406.2480406896785,562.3985157224674,1.1458366654937497
504,81,Wei,Jungle,2.9166666666666665,6.333333333333333,3.5,5.461402474955793,328.04007071302226,310.64230995875005,1.9823217442545626
505,95,Weiwei,Jungle,1.625,6.25,2.1875,5.510954359326914,316.25130764862456,257.3631825925823,1.547658188122072
506,3,WEIZHE,Top,5.833333333333333,8.0,2.5,7.64367816091954,441.4750957854406,714.6934865900383,0.8301404853128992
507,4,Wen,Mid,5.111111111111111,8.0,2.4444444444444446,8.268885859817765,436.15467393643667,626.1109118301159,1.1191620632756996
508,26,Whitelotus,Bot,1.6666666666666667,1.6666666666666667,2.5555555555555554,9.3138766519824,394.5495594713665,458.1971365638777,1.675110132158594
509,20,Whynot,Jungle,4.714285714285714,8.714285714285714,2.642857142857143,6.108075288403157,392.5731633272617,568.0437158469946,1.4037644201578627
510,100,WildTurtle,Bot,3.5,1.0,3.0,8.796056045666884,409.0243902439045,638.9206019719804,2.0861442656979867
511,34,Willer,Jungle,2.6315789473684212,4.894736842105263,2.3684210526315788,6.0916171174943585,337.1543421823974,335.70387739720354,1.859140775479444
512,92,Wink,Support,1.3571428571428572,9.857142857142858,2.0,2.2602587800369656,288.30388170055414,255.33604436229172,3.3848428835489788
513,74,Wizer,Top,3.0,7.1,2.2,8.222029488291422,400.3387582266215,527.6883832457534,1.2703433498290917
514,84,Woodon,Top,2.3333333333333335,2.9166666666666665,3.0833333333333335,7.697851327906066,371.2318163619388,477.0479113839596,0.8487922060589906
515,49,Woody,Support,0.8125,11.25,1.875,1.5424854596138635,275.64648793750234,217.29841346319319,3.2419038441683607
516,2,WSL,Jungle,2.6666666666666665,4.666666666666667,5.5,5.974331550802151,343.1229946524071,399.0352941176478,0.8534759358288787
517,22,Wunder,Top,1.9285714285714286,4.357142857142857,2.5,7.776529021498761,372.47289997462263,389.2201718449776,0.9853895515353676
518,85,xiaofang,Jungle,1.7692307692307692,5.076923076923077,2.769230769230769,5.890646905667955,320.55838173442925,249.72401361906753,1.5621870618866465
519,93,Xiaohao,Jungle,2.8181818181818183,7.363636363636363,2.4545454545454546,5.4527639421899545,331.0974116110086,300.0465420102899,1.7098064832203899
520,93,Xiaohu,Mid,2.909090909090909,6.454545454545454,2.727272727272727,8.50493998530257,403.48493508614575,582.9068343267771,1.3129746060259728
521,88,Xiaolaohu,Top,2.1875,2.8125,2.5625,8.889423242073486,406.4978873965187,465.4487994229008,1.0696987393081705
522,2,xiaotu,Mid,2.3333333333333335,1.8333333333333333,6.0,7.5465240641711375,360.47486631016113,690.064171122996,0.8534759358288787
523,94,Xiaoxu,Top,2.3636363636363638,3.909090909090909,2.1818181818181817,8.024809993884833,364.74622171747933,506.1264960251577,0.9801694767187876
524,92,xiaoyueji,Bot,3.6666666666666665,6.333333333333333,3.0,9.024134312696747,442.4973767051416,375.88667366211956,1.532004197271773
525,4,Xin,Jungle,3.2222222222222223,10.444444444444445,2.4444444444444446,6.004734916421541,379.3098500609794,407.073678169165,1.364516823301526
526,79,Xun,Jungle,4.076923076923077,6.538461538461538,2.1538461538461537,6.5025615394227,382.59652630263554,331.39072847682036,1.476946145195548
527,99,Yagao,Mid,3.6,6.3,1.9,8.744007670182159,422.8619367209967,535.5330776605939,1.2569511025886853
528,71,Yampi,Jungle,0.8,5.7,3.6,5.220352366382086,287.86852884567986,327.3365247001931,1.344322163549329
529,59,Yeon,Bot,3.2222222222222223,4.333333333333333,1.6666666666666667,8.958632101489266,411.9646993932718,685.485934914508,1.0954219525648123
530,26,Yerikan,Support,0.5789473684210527,4.473684210526316,2.0526315789473686,1.4590586546894533,241.0125707603585,185.71982884630737,3.1286044595636144
531,17,Yike,Jungle,3.9047619047619047,9.476190476190476,2.238095238095238,6.4631186284779965,387.04054779120617,401.4369299164521,1.439484912746878
532,65,Yoshino,Top,3.3076923076923075,4.923076923076923,2.6923076923076925,7.7540777917189105,389.2528801186249,526.7366259838004,0.9855138587886347
533,3,Ysera,Support,1.5,16.833333333333332,1.3333333333333333,2.215836526181354,301.7241379310345,228.79948914431674,3.1992337164750957
534,92,YSKM,Top,2.642857142857143,4.642857142857143,1.7142857142857142,8.502033271719027,397.20443622920465,431.9467652495373,1.0003696857670967
535,91,Yuekai,Mid,3.375,3.75,1.5625,8.647980997624686,406.204275534441,607.1714964370534,1.2579572446555796
536,45,Yuhi,Bot,3.35,5.85,2.65,7.3025358155213365,401.13537117903934,575.9488240251284,1.7344671722975562
537,9,Yuki,Top,3.0,4.896551724137931,3.413793103448276,7.797050366385304,389.68667099526925,554.9696688618864,0.995083943975512
538,46,Yursan,Support,0.7142857142857143,9.5,2.642857142857143,1.1690119066027562,244.24926550177904,127.64496675429142,3.467604762641112
539,50,Yutapon,Bot,5.2,7.15,1.45,8.60080240722165,481.45603477097876,709.3714476763612,1.0849214309595434
540,5,Yuyin,Bot,6.75,2.8333333333333335,2.5,9.505075474675232,464.16136327775786,601.6977857255569,1.2181139220533332
541,73,zay,Support,2.0,7.1,3.0,1.300187332286978,263.77398612728575,234.69292694040902,4.180041516885238
542,93,Zdz,Top,2.3636363636363638,5.0,2.5454545454545454,7.473667020494856,365.4135706703703,447.85906752674373,1.1415040418061628
543,38,Zeka,Mid,3.588235294117647,4.0588235294117645,1.7647058823529411,9.63240078074171,435.72804163955783,581.1548471047498,1.335068314899155
544,30,Zeus,Top,3.7777777777777777,4.277777777777778,2.111111111111111,9.192372406057224,440.0205645915133,582.6434847635084,1.0469246588147338
545,100,Zeyzal,Support,0.7777777777777778,8.777777777777779,2.6666666666666665,1.3254290171606828,258.90795631825205,243.95007800311947,3.021528861154438
546,5,zhang kun,Top,3.125,4.875,3.25,7.12511788745683,374.55202766425947,607.3939012889076,0.7356177302735046
547,19,Zhovy,Mid,3.642857142857143,4.785714285714286,3.5,9.100011920371958,430.759327691026,666.5371319585203,0.8558827035403546
548,89,Zhuo,Support,0.2857142857142857,11.785714285714286,1.3571428571428572,1.9087466185752864,276.1060414788088,198.9727682596927,4.1031559963931326
549,95,Zika,Top,2.625,3.6875,2.0625,8.738978390172488,400.3951340526658,486.46501479511164,1.101114863855101
550,10,Zin,Support,0.5833333333333334,7.916666666666667,3.3333333333333335,1.7893679210814775,246.3956887102669,151.4002557544758,2.751187431494339
551,4,Zka1,Top,3.111111111111111,7.333333333333333,2.3333333333333335,8.294712676662588,423.10782696032646,671.9922519549455,0.8049357916636762
552,51,Zodiac,Support,1.1612903225806452,10.419354838709678,4.193548387096774,1.6137954714533693,272.4624687637105,232.09011311828772,2.9700703889514135
553,12,Zoelys,Support,0.4444444444444444,4.666666666666667,3.4444444444444446,1.459779847586796,235.6274343776469,147.37002540220203,3.566469093988158
554,26,Zoen,Support,3.0,4.0,3.5,1.4148309028855017,272.80173751163346,229.83555693453164,2.289792119143641
555,94,Zorah,Support,0.36363636363636365,7.909090909090909,2.4545454545454546,1.651087621210792,245.85480912029269,174.18974403773856,3.5537695466060857
556,86,zorenous,Top,2.9,7.1,2.3,8.0316181029138,404.66522008679357,552.6224426534391,1.2151270923744537
557,6,Zoro,Jungle,2.142857142857143,9.928571428571429,5.0,4.70937526135318,336.3377101279583,396.3402191185078,1.515430291879233
558,37,Zothve,Top,3.0,6.052631578947368,1.5263157894736843,8.17996514135478,400.5293787480438,557.4694986854167,0.9305485805441515
